INSERT INTO users (id, email, password_hash, created_at, location, favorite_food, first_name, last_name)
VALUES
  ('00000000-0000-0000-0000-000000000001', 'test1@test.com', '$2a$10$INP2f5N10jopgqxZ1yITj.n0qkPuMRCUMzd4TsAOAFcfWxu2N2tA.', now(), '{"city": "Los Angeles", "state": "CA"}', '"ICE_CREAM"', 'Chester', 'Tester'),
  ('00000000-0000-0000-0000-000000000002', 'test2@test.com', '$2a$10$INP2f5N10jopgqxZ1yITj.n0qkPuMRCUMzd4TsAOAFcfWxu2N2tA.', now(), '{"city": "Glendale", "state": "CA"}', '"PIZZA"', 'Lester', 'Tester'),
  ('00000000-0000-0000-0000-000000000003', 'test3@test.com', '$2a$10$INP2f5N10jopgqxZ1yITj.n0qkPuMRCUMzd4TsAOAFcfWxu2N2tA.', now(), '{"city": "Burbank", "state": "CA"}', '"SALAD"', 'Wester', 'Tester');

INSERT INTO user_followed_users (user_id, followed_user_id)
VALUES
  ('00000000-0000-0000-0000-000000000001', '00000000-0000-0000-0000-000000000002'),
  ('00000000-0000-0000-0000-000000000001', '00000000-0000-0000-0000-000000000003'),
  ('00000000-0000-0000-0000-000000000002', '00000000-0000-0000-0000-000000000001');

INSERT INTO posts (id, title, text, created_at, authored_by_user_id)
VALUES
  ('00000000-0000-0000-0000-000000000004', 'a', 'lorem ipsum', now() + interval '1 hour', '00000000-0000-0000-0000-000000000001'),
  ('00000000-0000-0000-0000-000000000005', 'b', 'lorem ipsum', now() + interval '2 hours', '00000000-0000-0000-0000-000000000002'),
  ('00000000-0000-0000-0000-000000000006', 'c', 'lorem ipsum', now() + interval '3 hours', '00000000-0000-0000-0000-000000000003'),
  ('00000000-0000-0000-0000-000000000007', 'z', 'lorem ipsum', now() + interval '4 hours', '00000000-0000-0000-0000-000000000001'),
  ('00000000-0000-0000-0000-000000000008', 'e', 'lorem ipsum', now() + interval '5 hours', '00000000-0000-0000-0000-000000000002'),
  ('00000000-0000-0000-0000-000000000009', 'x', 'lorem ipsum', now() + interval '6 hours', '00000000-0000-0000-0000-000000000003'),
  ('00000000-0000-0000-0000-000000000010', 'g', 'lorem ipsum', now() + interval '7 hours', '00000000-0000-0000-0000-000000000001'),
  ('00000000-0000-0000-0000-000000000011', 'h', 'lorem ipsum', now() + interval '8 hours', '00000000-0000-0000-0000-000000000002'),
  ('00000000-0000-0000-0000-000000000012', 'q', 'lorem ipsum', now() + interval '9 hours', '00000000-0000-0000-0000-000000000003'),
  ('00000000-0000-0000-0000-000000000013', 'j', 'lorem ipsum', now() + interval '10 hours', '00000000-0000-0000-0000-000000000003'),
  ('00000000-0000-0000-0000-000000000014', 'k', 'lorem ipsum', now() + interval '11 hours', '00000000-0000-0000-0000-000000000003'),
  ('00000000-0000-0000-0000-000000000015', 'l', 'lorem ipsum', now() + interval '12 hours', '00000000-0000-0000-0000-000000000003'),
  ('00000000-0000-0000-0000-000000000016', 'm', 'lorem ipsum', now() + interval '13 hours', '00000000-0000-0000-0000-000000000003'),
  ('00000000-0000-0000-0000-000000000017', 'n', 'lorem ipsum', now() + interval '14 hours', '00000000-0000-0000-0000-000000000003'),
  ('00000000-0000-0000-0000-000000000018', 'o', 'lorem ipsum', now() + interval '15 hours', '00000000-0000-0000-0000-000000000003'),
  ('00000000-0000-0000-0000-000000000019', 'p', 'lorem ipsum', now() + interval '16 hours', '00000000-0000-0000-0000-000000000003');

INSERT INTO comments (id, text, created_at, authored_by_user_id, inspired_by_post_id)
VALUES
  ('00000000-0000-0000-0000-000000000020', 'hey', now(), '00000000-0000-0000-0000-000000000002', '00000000-0000-0000-0000-000000000004'),
  ('00000000-0000-0000-0000-000000000021', 'hey', now(), '00000000-0000-0000-0000-000000000003', '00000000-0000-0000-0000-000000000005'),
  ('00000000-0000-0000-0000-000000000022', 'hey', now(), '00000000-0000-0000-0000-000000000001', '00000000-0000-0000-0000-000000000006');
